-- AUTO-GENERATED by scripts/gen-seed-sql.mjs — do not edit by hand.
-- Seeds teams, venues, matches, and historical data.

INSERT INTO venues (id, name, city, country, capacity, lat, lng, color) VALUES
  ('nyc', 'MetLife Stadium', 'New York / New Jersey', 'USA', 82500, 40.813611, -74.074444, '#185FA5'),
  ('dal', 'AT&T Stadium', 'Dallas', 'USA', 94000, 32.747778, -97.092778, '#1E5BB0'),
  ('atl', 'Mercedes-Benz Stadium', 'Atlanta', 'USA', 75000, 33.755556, -84.400556, '#A32D2D'),
  ('kan', 'Arrowhead Stadium', 'Kansas City', 'USA', 73000, 39.048889, -94.484167, '#C8102E'),
  ('hou', 'NRG Stadium', 'Houston', 'USA', 72000, 29.684722, -95.410833, '#2B6CB0'),
  ('sfo', 'Levi''s Stadium', 'San Francisco Bay Area', 'USA', 71000, 37.403, -121.97, '#C0392B'),
  ('lax', 'SoFi Stadium', 'Los Angeles', 'USA', 70000, 33.953587, -118.339254, '#378ADD'),
  ('phi', 'Lincoln Financial Field', 'Philadelphia', 'USA', 69000, 39.900833, -75.1675, '#004C54'),
  ('sea', 'Lumen Field', 'Seattle', 'USA', 69000, 47.595153, -122.331625, '#1E6E4E'),
  ('bos', 'Gillette Stadium', 'Boston', 'USA', 65000, 42.090944, -71.264344, '#0B2A5B'),
  ('mia', 'Hard Rock Stadium', 'Miami', 'USA', 65000, 25.957958, -80.238894, '#E24B4A'),
  ('mex', 'Estadio Azteca', 'Mexico City', 'Mexico', 83000, 19.302889, -99.150611, '#3B6D11'),
  ('mty', 'Estadio BBVA', 'Monterrey', 'Mexico', 53500, 25.669, -100.244, '#639922'),
  ('gdl', 'Estadio Akron', 'Guadalajara', 'Mexico', 48000, 20.681944, -103.462778, '#2E7D32'),
  ('tor', 'BMO Field', 'Toronto', 'Canada', 45000, 43.6332, -79.4185, '#A32D2D'),
  ('van', 'BC Place', 'Vancouver', 'Canada', 54000, 49.276667, -123.111944, '#E24B4A')
ON CONFLICT (id) DO UPDATE SET name = EXCLUDED.name, city = EXCLUDED.city, country = EXCLUDED.country, capacity = EXCLUDED.capacity, lat = EXCLUDED.lat, lng = EXCLUDED.lng, color = EXCLUDED.color;

INSERT INTO teams (id, name, name_es, flag_emoji, iso2, group_letter, host_country, api_football_id, confederation) VALUES
  ('mex', 'Mexico', 'México', '🇲🇽', 'MX', 'A', true, NULL, 'CONCACAF'),
  ('rsa', 'South Africa', 'Sudáfrica', '🇿🇦', 'ZA', 'A', false, NULL, 'CAF'),
  ('kor', 'South Korea', 'Corea del Sur', '🇰🇷', 'KR', 'A', false, NULL, 'AFC'),
  ('cze', 'Czechia', 'Chequia', '🇨🇿', 'CZ', 'A', false, NULL, 'UEFA'),
  ('can', 'Canada', 'Canadá', '🇨🇦', 'CA', 'B', true, NULL, 'CONCACAF'),
  ('bih', 'Bosnia and Herzegovina', 'Bosnia y Herzegovina', '🇧🇦', 'BA', 'B', false, NULL, 'UEFA'),
  ('qat', 'Qatar', 'Catar', '🇶🇦', 'QA', 'B', false, NULL, 'AFC'),
  ('sui', 'Switzerland', 'Suiza', '🇨🇭', 'CH', 'B', false, NULL, 'UEFA'),
  ('bra', 'Brazil', 'Brasil', '🇧🇷', 'BR', 'C', false, NULL, 'CONMEBOL'),
  ('mar', 'Morocco', 'Marruecos', '🇲🇦', 'MA', 'C', false, NULL, 'CAF'),
  ('hai', 'Haiti', 'Haití', '🇭🇹', 'HT', 'C', false, NULL, 'CONCACAF'),
  ('sco', 'Scotland', 'Escocia', '🏴󠁧󠁢󠁳󠁣󠁴󠁿', 'GB', 'C', false, NULL, 'UEFA'),
  ('usa', 'United States', 'Estados Unidos', '🇺🇸', 'US', 'D', true, NULL, 'CONCACAF'),
  ('par', 'Paraguay', 'Paraguay', '🇵🇾', 'PY', 'D', false, NULL, 'CONMEBOL'),
  ('aus', 'Australia', 'Australia', '🇦🇺', 'AU', 'D', false, NULL, 'AFC'),
  ('tur', 'Turkey', 'Turquía', '🇹🇷', 'TR', 'D', false, NULL, 'UEFA'),
  ('ger', 'Germany', 'Alemania', '🇩🇪', 'DE', 'E', false, NULL, 'UEFA'),
  ('cuw', 'Curaçao', 'Curazao', '🇨🇼', 'CW', 'E', false, NULL, 'CONCACAF'),
  ('civ', 'Ivory Coast', 'Costa de Marfil', '🇨🇮', 'CI', 'E', false, NULL, 'CAF'),
  ('ecu', 'Ecuador', 'Ecuador', '🇪🇨', 'EC', 'E', false, NULL, 'CONMEBOL'),
  ('ned', 'Netherlands', 'Países Bajos', '🇳🇱', 'NL', 'F', false, NULL, 'UEFA'),
  ('jpn', 'Japan', 'Japón', '🇯🇵', 'JP', 'F', false, NULL, 'AFC'),
  ('swe', 'Sweden', 'Suecia', '🇸🇪', 'SE', 'F', false, NULL, 'UEFA'),
  ('tun', 'Tunisia', 'Túnez', '🇹🇳', 'TN', 'F', false, NULL, 'CAF'),
  ('bel', 'Belgium', 'Bélgica', '🇧🇪', 'BE', 'G', false, NULL, 'UEFA'),
  ('egy', 'Egypt', 'Egipto', '🇪🇬', 'EG', 'G', false, NULL, 'CAF'),
  ('irn', 'Iran', 'Irán', '🇮🇷', 'IR', 'G', false, NULL, 'AFC'),
  ('nzl', 'New Zealand', 'Nueva Zelanda', '🇳🇿', 'NZ', 'G', false, NULL, 'OFC'),
  ('esp', 'Spain', 'España', '🇪🇸', 'ES', 'H', false, NULL, 'UEFA'),
  ('cpv', 'Cape Verde', 'Cabo Verde', '🇨🇻', 'CV', 'H', false, NULL, 'CAF'),
  ('ksa', 'Saudi Arabia', 'Arabia Saudita', '🇸🇦', 'SA', 'H', false, NULL, 'AFC'),
  ('uru', 'Uruguay', 'Uruguay', '🇺🇾', 'UY', 'H', false, NULL, 'CONMEBOL'),
  ('fra', 'France', 'Francia', '🇫🇷', 'FR', 'I', false, NULL, 'UEFA'),
  ('sen', 'Senegal', 'Senegal', '🇸🇳', 'SN', 'I', false, NULL, 'CAF'),
  ('irq', 'Iraq', 'Irak', '🇮🇶', 'IQ', 'I', false, NULL, 'AFC'),
  ('nor', 'Norway', 'Noruega', '🇳🇴', 'NO', 'I', false, NULL, 'UEFA'),
  ('arg', 'Argentina', 'Argentina', '🇦🇷', 'AR', 'J', false, NULL, 'CONMEBOL'),
  ('alg', 'Algeria', 'Argelia', '🇩🇿', 'DZ', 'J', false, NULL, 'CAF'),
  ('aut', 'Austria', 'Austria', '🇦🇹', 'AT', 'J', false, NULL, 'UEFA'),
  ('jor', 'Jordan', 'Jordania', '🇯🇴', 'JO', 'J', false, NULL, 'AFC'),
  ('por', 'Portugal', 'Portugal', '🇵🇹', 'PT', 'K', false, NULL, 'UEFA'),
  ('cod', 'DR Congo', 'RD Congo', '🇨🇩', 'CD', 'K', false, NULL, 'CAF'),
  ('uzb', 'Uzbekistan', 'Uzbekistán', '🇺🇿', 'UZ', 'K', false, NULL, 'AFC'),
  ('col', 'Colombia', 'Colombia', '🇨🇴', 'CO', 'K', false, NULL, 'CONMEBOL'),
  ('eng', 'England', 'Inglaterra', '🏴󠁧󠁢󠁥󠁮󠁧󠁿', 'GB', 'L', false, NULL, 'UEFA'),
  ('cro', 'Croatia', 'Croacia', '🇭🇷', 'HR', 'L', false, NULL, 'UEFA'),
  ('gha', 'Ghana', 'Ghana', '🇬🇭', 'GH', 'L', false, NULL, 'CAF'),
  ('pan', 'Panama', 'Panamá', '🇵🇦', 'PA', 'L', false, NULL, 'CONCACAF')
ON CONFLICT (id) DO UPDATE SET name = EXCLUDED.name, name_es = EXCLUDED.name_es, flag_emoji = EXCLUDED.flag_emoji, iso2 = EXCLUDED.iso2, group_letter = EXCLUDED.group_letter, host_country = EXCLUDED.host_country, api_football_id = EXCLUDED.api_football_id, confederation = EXCLUDED.confederation;

INSERT INTO matches (id, stage, group_letter, match_number, home_team_id, away_team_id, home_placeholder, away_placeholder, home_score, away_score, home_score_penalties, away_score_penalties, status, kickoff_utc, venue_id, api_football_fixture_id, minute) VALUES
  ('GS-A1', 'group', 'A', 1, 'mex', 'rsa', NULL, NULL, NULL, NULL, NULL, NULL, 'scheduled', '2026-06-11T19:00:00Z', 'mex', NULL, NULL),
  ('GS-A2', 'group', 'A', 2, 'kor', 'cze', NULL, NULL, NULL, NULL, NULL, NULL, 'scheduled', '2026-06-12T02:00:00Z', 'gdl', NULL, NULL),
  ('GS-B1', 'group', 'B', 3, 'can', 'bih', NULL, NULL, NULL, NULL, NULL, NULL, 'scheduled', '2026-06-12T19:00:00Z', 'tor', NULL, NULL),
  ('GS-D1', 'group', 'D', 4, 'usa', 'par', NULL, NULL, NULL, NULL, NULL, NULL, 'scheduled', '2026-06-13T01:00:00Z', 'lax', NULL, NULL),
  ('GS-B2', 'group', 'B', 5, 'qat', 'sui', NULL, NULL, NULL, NULL, NULL, NULL, 'scheduled', '2026-06-13T19:00:00Z', 'sfo', NULL, NULL),
  ('GS-C1', 'group', 'C', 6, 'bra', 'mar', NULL, NULL, NULL, NULL, NULL, NULL, 'scheduled', '2026-06-13T22:00:00Z', 'nyc', NULL, NULL),
  ('GS-D2', 'group', 'D', 7, 'aus', 'tur', NULL, NULL, NULL, NULL, NULL, NULL, 'scheduled', '2026-06-14T04:00:00Z', 'van', NULL, NULL),
  ('GS-C2', 'group', 'C', 8, 'hai', 'sco', NULL, NULL, NULL, NULL, NULL, NULL, 'scheduled', '2026-06-14T01:00:00Z', 'bos', NULL, NULL),
  ('GS-E1', 'group', 'E', 9, 'ger', 'cuw', NULL, NULL, NULL, NULL, NULL, NULL, 'scheduled', '2026-06-14T17:00:00Z', 'hou', NULL, NULL),
  ('GS-F1', 'group', 'F', 10, 'ned', 'jpn', NULL, NULL, NULL, NULL, NULL, NULL, 'scheduled', '2026-06-14T20:00:00Z', 'dal', NULL, NULL),
  ('GS-E2', 'group', 'E', 11, 'civ', 'ecu', NULL, NULL, NULL, NULL, NULL, NULL, 'scheduled', '2026-06-14T23:00:00Z', 'phi', NULL, NULL),
  ('GS-F2', 'group', 'F', 12, 'swe', 'tun', NULL, NULL, NULL, NULL, NULL, NULL, 'scheduled', '2026-06-15T02:00:00Z', 'mty', NULL, NULL),
  ('GS-G1', 'group', 'G', 13, 'bel', 'egy', NULL, NULL, NULL, NULL, NULL, NULL, 'scheduled', '2026-06-15T19:00:00Z', 'sea', NULL, NULL),
  ('GS-H1', 'group', 'H', 14, 'esp', 'cpv', NULL, NULL, NULL, NULL, NULL, NULL, 'scheduled', '2026-06-15T16:00:00Z', 'atl', NULL, NULL),
  ('GS-H2', 'group', 'H', 15, 'ksa', 'uru', NULL, NULL, NULL, NULL, NULL, NULL, 'scheduled', '2026-06-15T22:00:00Z', 'mia', NULL, NULL),
  ('GS-G2', 'group', 'G', 16, 'irn', 'nzl', NULL, NULL, NULL, NULL, NULL, NULL, 'scheduled', '2026-06-16T01:00:00Z', 'lax', NULL, NULL),
  ('GS-I1', 'group', 'I', 17, 'fra', 'sen', NULL, NULL, NULL, NULL, NULL, NULL, 'scheduled', '2026-06-16T19:00:00Z', 'nyc', NULL, NULL),
  ('GS-I2', 'group', 'I', 18, 'irq', 'nor', NULL, NULL, NULL, NULL, NULL, NULL, 'scheduled', '2026-06-16T22:00:00Z', 'bos', NULL, NULL),
  ('GS-J1', 'group', 'J', 19, 'arg', 'alg', NULL, NULL, NULL, NULL, NULL, NULL, 'scheduled', '2026-06-17T01:00:00Z', 'kan', NULL, NULL),
  ('GS-J2', 'group', 'J', 20, 'aut', 'jor', NULL, NULL, NULL, NULL, NULL, NULL, 'scheduled', '2026-06-17T04:00:00Z', 'sfo', NULL, NULL),
  ('GS-K1', 'group', 'K', 21, 'por', 'cod', NULL, NULL, NULL, NULL, NULL, NULL, 'scheduled', '2026-06-17T17:00:00Z', 'hou', NULL, NULL),
  ('GS-L1', 'group', 'L', 22, 'eng', 'cro', NULL, NULL, NULL, NULL, NULL, NULL, 'scheduled', '2026-06-17T20:00:00Z', 'dal', NULL, NULL),
  ('GS-K2', 'group', 'K', 23, 'uzb', 'col', NULL, NULL, NULL, NULL, NULL, NULL, 'scheduled', '2026-06-18T02:00:00Z', 'mex', NULL, NULL),
  ('GS-L2', 'group', 'L', 24, 'gha', 'pan', NULL, NULL, NULL, NULL, NULL, NULL, 'scheduled', '2026-06-17T23:00:00Z', 'tor', NULL, NULL),
  ('GS-A3', 'group', 'A', 25, 'cze', 'rsa', NULL, NULL, NULL, NULL, NULL, NULL, 'scheduled', '2026-06-18T16:00:00Z', 'atl', NULL, NULL),
  ('GS-B3', 'group', 'B', 26, 'sui', 'bih', NULL, NULL, NULL, NULL, NULL, NULL, 'scheduled', '2026-06-18T19:00:00Z', 'lax', NULL, NULL),
  ('GS-B4', 'group', 'B', 27, 'can', 'qat', NULL, NULL, NULL, NULL, NULL, NULL, 'scheduled', '2026-06-18T22:00:00Z', 'van', NULL, NULL),
  ('GS-A4', 'group', 'A', 28, 'mex', 'kor', NULL, NULL, NULL, NULL, NULL, NULL, 'scheduled', '2026-06-19T01:00:00Z', 'gdl', NULL, NULL),
  ('GS-C3', 'group', 'C', 29, 'sco', 'mar', NULL, NULL, NULL, NULL, NULL, NULL, 'scheduled', '2026-06-19T22:00:00Z', 'bos', NULL, NULL),
  ('GS-D3', 'group', 'D', 30, 'usa', 'aus', NULL, NULL, NULL, NULL, NULL, NULL, 'scheduled', '2026-06-19T19:00:00Z', 'sea', NULL, NULL),
  ('GS-C4', 'group', 'C', 31, 'bra', 'hai', NULL, NULL, NULL, NULL, NULL, NULL, 'scheduled', '2026-06-20T00:30:00Z', 'phi', NULL, NULL),
  ('GS-D4', 'group', 'D', 32, 'tur', 'par', NULL, NULL, NULL, NULL, NULL, NULL, 'scheduled', '2026-06-20T03:00:00Z', 'sfo', NULL, NULL),
  ('GS-E3', 'group', 'E', 33, 'ger', 'civ', NULL, NULL, NULL, NULL, NULL, NULL, 'scheduled', '2026-06-20T20:00:00Z', 'tor', NULL, NULL),
  ('GS-F3', 'group', 'F', 34, 'ned', 'swe', NULL, NULL, NULL, NULL, NULL, NULL, 'scheduled', '2026-06-20T17:00:00Z', 'hou', NULL, NULL),
  ('GS-E4', 'group', 'E', 35, 'ecu', 'cuw', NULL, NULL, NULL, NULL, NULL, NULL, 'scheduled', '2026-06-21T00:00:00Z', 'kan', NULL, NULL),
  ('GS-F4', 'group', 'F', 36, 'tun', 'jpn', NULL, NULL, NULL, NULL, NULL, NULL, 'scheduled', '2026-06-21T04:00:00Z', 'mty', NULL, NULL),
  ('GS-G3', 'group', 'G', 37, 'bel', 'irn', NULL, NULL, NULL, NULL, NULL, NULL, 'scheduled', '2026-06-21T19:00:00Z', 'lax', NULL, NULL),
  ('GS-H3', 'group', 'H', 38, 'esp', 'ksa', NULL, NULL, NULL, NULL, NULL, NULL, 'scheduled', '2026-06-21T16:00:00Z', 'atl', NULL, NULL),
  ('GS-H4', 'group', 'H', 39, 'uru', 'cpv', NULL, NULL, NULL, NULL, NULL, NULL, 'scheduled', '2026-06-21T22:00:00Z', 'mia', NULL, NULL),
  ('GS-G4', 'group', 'G', 40, 'nzl', 'egy', NULL, NULL, NULL, NULL, NULL, NULL, 'scheduled', '2026-06-22T01:00:00Z', 'van', NULL, NULL),
  ('GS-I3', 'group', 'I', 41, 'fra', 'irq', NULL, NULL, NULL, NULL, NULL, NULL, 'scheduled', '2026-06-22T21:00:00Z', 'phi', NULL, NULL),
  ('GS-I4', 'group', 'I', 42, 'nor', 'sen', NULL, NULL, NULL, NULL, NULL, NULL, 'scheduled', '2026-06-23T00:00:00Z', 'nyc', NULL, NULL),
  ('GS-J3', 'group', 'J', 43, 'arg', 'aut', NULL, NULL, NULL, NULL, NULL, NULL, 'scheduled', '2026-06-22T17:00:00Z', 'dal', NULL, NULL),
  ('GS-J4', 'group', 'J', 44, 'jor', 'alg', NULL, NULL, NULL, NULL, NULL, NULL, 'scheduled', '2026-06-23T03:00:00Z', 'sfo', NULL, NULL),
  ('GS-K3', 'group', 'K', 45, 'por', 'uzb', NULL, NULL, NULL, NULL, NULL, NULL, 'scheduled', '2026-06-23T17:00:00Z', 'hou', NULL, NULL),
  ('GS-L3', 'group', 'L', 46, 'eng', 'gha', NULL, NULL, NULL, NULL, NULL, NULL, 'scheduled', '2026-06-23T20:00:00Z', 'bos', NULL, NULL),
  ('GS-K4', 'group', 'K', 47, 'col', 'cod', NULL, NULL, NULL, NULL, NULL, NULL, 'scheduled', '2026-06-24T02:00:00Z', 'gdl', NULL, NULL),
  ('GS-L4', 'group', 'L', 48, 'pan', 'cro', NULL, NULL, NULL, NULL, NULL, NULL, 'scheduled', '2026-06-23T23:00:00Z', 'tor', NULL, NULL),
  ('GS-A5', 'group', 'A', 49, 'cze', 'mex', NULL, NULL, NULL, NULL, NULL, NULL, 'scheduled', '2026-06-25T01:00:00Z', 'mex', NULL, NULL),
  ('GS-A6', 'group', 'A', 50, 'rsa', 'kor', NULL, NULL, NULL, NULL, NULL, NULL, 'scheduled', '2026-06-25T01:00:00Z', 'mty', NULL, NULL),
  ('GS-B5', 'group', 'B', 51, 'sui', 'can', NULL, NULL, NULL, NULL, NULL, NULL, 'scheduled', '2026-06-24T19:00:00Z', 'van', NULL, NULL),
  ('GS-B6', 'group', 'B', 52, 'bih', 'qat', NULL, NULL, NULL, NULL, NULL, NULL, 'scheduled', '2026-06-24T19:00:00Z', 'sea', NULL, NULL),
  ('GS-C5', 'group', 'C', 53, 'sco', 'bra', NULL, NULL, NULL, NULL, NULL, NULL, 'scheduled', '2026-06-24T22:00:00Z', 'mia', NULL, NULL),
  ('GS-C6', 'group', 'C', 54, 'mar', 'hai', NULL, NULL, NULL, NULL, NULL, NULL, 'scheduled', '2026-06-24T22:00:00Z', 'atl', NULL, NULL),
  ('GS-D5', 'group', 'D', 55, 'tur', 'usa', NULL, NULL, NULL, NULL, NULL, NULL, 'scheduled', '2026-06-26T02:00:00Z', 'lax', NULL, NULL),
  ('GS-D6', 'group', 'D', 56, 'par', 'aus', NULL, NULL, NULL, NULL, NULL, NULL, 'scheduled', '2026-06-26T02:00:00Z', 'sfo', NULL, NULL),
  ('GS-E5', 'group', 'E', 57, 'cuw', 'civ', NULL, NULL, NULL, NULL, NULL, NULL, 'scheduled', '2026-06-25T20:00:00Z', 'phi', NULL, NULL),
  ('GS-E6', 'group', 'E', 58, 'ecu', 'ger', NULL, NULL, NULL, NULL, NULL, NULL, 'scheduled', '2026-06-25T20:00:00Z', 'nyc', NULL, NULL),
  ('GS-F5', 'group', 'F', 59, 'jpn', 'swe', NULL, NULL, NULL, NULL, NULL, NULL, 'scheduled', '2026-06-25T23:00:00Z', 'dal', NULL, NULL),
  ('GS-F6', 'group', 'F', 60, 'tun', 'ned', NULL, NULL, NULL, NULL, NULL, NULL, 'scheduled', '2026-06-25T23:00:00Z', 'kan', NULL, NULL),
  ('GS-G5', 'group', 'G', 61, 'egy', 'irn', NULL, NULL, NULL, NULL, NULL, NULL, 'scheduled', '2026-06-27T03:00:00Z', 'sea', NULL, NULL),
  ('GS-G6', 'group', 'G', 62, 'nzl', 'bel', NULL, NULL, NULL, NULL, NULL, NULL, 'scheduled', '2026-06-27T03:00:00Z', 'van', NULL, NULL),
  ('GS-H5', 'group', 'H', 63, 'cpv', 'ksa', NULL, NULL, NULL, NULL, NULL, NULL, 'scheduled', '2026-06-27T00:00:00Z', 'hou', NULL, NULL),
  ('GS-H6', 'group', 'H', 64, 'uru', 'esp', NULL, NULL, NULL, NULL, NULL, NULL, 'scheduled', '2026-06-27T00:00:00Z', 'gdl', NULL, NULL),
  ('GS-I5', 'group', 'I', 65, 'nor', 'fra', NULL, NULL, NULL, NULL, NULL, NULL, 'scheduled', '2026-06-26T19:00:00Z', 'bos', NULL, NULL),
  ('GS-I6', 'group', 'I', 66, 'sen', 'irq', NULL, NULL, NULL, NULL, NULL, NULL, 'scheduled', '2026-06-26T19:00:00Z', 'tor', NULL, NULL),
  ('GS-J5', 'group', 'J', 67, 'alg', 'aut', NULL, NULL, NULL, NULL, NULL, NULL, 'scheduled', '2026-06-28T02:00:00Z', 'kan', NULL, NULL),
  ('GS-J6', 'group', 'J', 68, 'jor', 'arg', NULL, NULL, NULL, NULL, NULL, NULL, 'scheduled', '2026-06-28T02:00:00Z', 'dal', NULL, NULL),
  ('GS-K5', 'group', 'K', 69, 'col', 'por', NULL, NULL, NULL, NULL, NULL, NULL, 'scheduled', '2026-06-27T23:30:00Z', 'mia', NULL, NULL),
  ('GS-K6', 'group', 'K', 70, 'cod', 'uzb', NULL, NULL, NULL, NULL, NULL, NULL, 'scheduled', '2026-06-27T23:30:00Z', 'atl', NULL, NULL),
  ('GS-L5', 'group', 'L', 71, 'pan', 'eng', NULL, NULL, NULL, NULL, NULL, NULL, 'scheduled', '2026-06-27T21:00:00Z', 'nyc', NULL, NULL),
  ('GS-L6', 'group', 'L', 72, 'cro', 'gha', NULL, NULL, NULL, NULL, NULL, NULL, 'scheduled', '2026-06-27T21:00:00Z', 'phi', NULL, NULL),
  ('R32-1', 'r32', NULL, 73, NULL, NULL, 'Runner-up A', 'Runner-up B', NULL, NULL, NULL, NULL, 'scheduled', '2026-06-28T19:00:00Z', 'lax', NULL, NULL),
  ('R32-2', 'r32', NULL, 74, NULL, NULL, 'Winner E', '3rd A/B/C/D/F', NULL, NULL, NULL, NULL, 'scheduled', '2026-06-29T20:30:00Z', 'bos', NULL, NULL),
  ('R32-3', 'r32', NULL, 75, NULL, NULL, 'Winner F', 'Runner-up C', NULL, NULL, NULL, NULL, 'scheduled', '2026-06-30T01:00:00Z', 'mty', NULL, NULL),
  ('R32-4', 'r32', NULL, 76, NULL, NULL, 'Winner C', 'Runner-up F', NULL, NULL, NULL, NULL, 'scheduled', '2026-06-29T17:00:00Z', 'hou', NULL, NULL),
  ('R32-5', 'r32', NULL, 77, NULL, NULL, 'Winner I', '3rd C/D/F/G/H', NULL, NULL, NULL, NULL, 'scheduled', '2026-06-30T21:00:00Z', 'nyc', NULL, NULL),
  ('R32-6', 'r32', NULL, 78, NULL, NULL, 'Runner-up E', 'Runner-up I', NULL, NULL, NULL, NULL, 'scheduled', '2026-06-30T17:00:00Z', 'dal', NULL, NULL),
  ('R32-7', 'r32', NULL, 79, NULL, NULL, 'Winner A', '3rd C/E/F/H/I', NULL, NULL, NULL, NULL, 'scheduled', '2026-07-01T01:00:00Z', 'mex', NULL, NULL),
  ('R32-8', 'r32', NULL, 80, NULL, NULL, 'Winner L', '3rd E/H/I/J/K', NULL, NULL, NULL, NULL, 'scheduled', '2026-07-01T16:00:00Z', 'atl', NULL, NULL),
  ('R32-9', 'r32', NULL, 81, NULL, NULL, 'Winner D', '3rd B/E/F/I/J', NULL, NULL, NULL, NULL, 'scheduled', '2026-07-02T00:00:00Z', 'sfo', NULL, NULL),
  ('R32-10', 'r32', NULL, 82, NULL, NULL, 'Winner G', '3rd A/E/H/I/J', NULL, NULL, NULL, NULL, 'scheduled', '2026-07-01T20:00:00Z', 'sea', NULL, NULL),
  ('R32-11', 'r32', NULL, 83, NULL, NULL, 'Runner-up K', 'Runner-up L', NULL, NULL, NULL, NULL, 'scheduled', '2026-07-02T23:00:00Z', 'tor', NULL, NULL),
  ('R32-12', 'r32', NULL, 84, NULL, NULL, 'Winner H', 'Runner-up J', NULL, NULL, NULL, NULL, 'scheduled', '2026-07-02T19:00:00Z', 'lax', NULL, NULL),
  ('R32-13', 'r32', NULL, 85, NULL, NULL, 'Winner B', '3rd E/F/G/I/J', NULL, NULL, NULL, NULL, 'scheduled', '2026-07-03T03:00:00Z', 'van', NULL, NULL),
  ('R32-14', 'r32', NULL, 86, NULL, NULL, 'Winner J', 'Runner-up H', NULL, NULL, NULL, NULL, 'scheduled', '2026-07-03T22:00:00Z', 'mia', NULL, NULL),
  ('R32-15', 'r32', NULL, 87, NULL, NULL, 'Winner K', '3rd D/E/I/J/L', NULL, NULL, NULL, NULL, 'scheduled', '2026-07-04T01:30:00Z', 'kan', NULL, NULL),
  ('R32-16', 'r32', NULL, 88, NULL, NULL, 'Runner-up D', 'Runner-up G', NULL, NULL, NULL, NULL, 'scheduled', '2026-07-03T18:00:00Z', 'dal', NULL, NULL),
  ('R16-1', 'r16', NULL, 89, NULL, NULL, 'Winner R32-2', 'Winner R32-5', NULL, NULL, NULL, NULL, 'scheduled', '2026-07-04T21:00:00Z', 'phi', NULL, NULL),
  ('R16-2', 'r16', NULL, 90, NULL, NULL, 'Winner R32-1', 'Winner R32-3', NULL, NULL, NULL, NULL, 'scheduled', '2026-07-04T17:00:00Z', 'hou', NULL, NULL),
  ('R16-3', 'r16', NULL, 91, NULL, NULL, 'Winner R32-4', 'Winner R32-6', NULL, NULL, NULL, NULL, 'scheduled', '2026-07-05T20:00:00Z', 'nyc', NULL, NULL),
  ('R16-4', 'r16', NULL, 92, NULL, NULL, 'Winner R32-7', 'Winner R32-8', NULL, NULL, NULL, NULL, 'scheduled', '2026-07-06T00:00:00Z', 'mex', NULL, NULL),
  ('R16-5', 'r16', NULL, 93, NULL, NULL, 'Winner R32-11', 'Winner R32-12', NULL, NULL, NULL, NULL, 'scheduled', '2026-07-06T19:00:00Z', 'dal', NULL, NULL),
  ('R16-6', 'r16', NULL, 94, NULL, NULL, 'Winner R32-9', 'Winner R32-10', NULL, NULL, NULL, NULL, 'scheduled', '2026-07-07T00:00:00Z', 'sea', NULL, NULL),
  ('R16-7', 'r16', NULL, 95, NULL, NULL, 'Winner R32-14', 'Winner R32-16', NULL, NULL, NULL, NULL, 'scheduled', '2026-07-07T16:00:00Z', 'atl', NULL, NULL),
  ('R16-8', 'r16', NULL, 96, NULL, NULL, 'Winner R32-13', 'Winner R32-15', NULL, NULL, NULL, NULL, 'scheduled', '2026-07-07T20:00:00Z', 'van', NULL, NULL),
  ('QF-1', 'qf', NULL, 97, NULL, NULL, 'Winner R16-1', 'Winner R16-2', NULL, NULL, NULL, NULL, 'scheduled', '2026-07-09T20:00:00Z', 'bos', NULL, NULL),
  ('QF-2', 'qf', NULL, 98, NULL, NULL, 'Winner R16-5', 'Winner R16-6', NULL, NULL, NULL, NULL, 'scheduled', '2026-07-10T19:00:00Z', 'lax', NULL, NULL),
  ('QF-3', 'qf', NULL, 99, NULL, NULL, 'Winner R16-3', 'Winner R16-4', NULL, NULL, NULL, NULL, 'scheduled', '2026-07-11T21:00:00Z', 'mia', NULL, NULL),
  ('QF-4', 'qf', NULL, 100, NULL, NULL, 'Winner R16-7', 'Winner R16-8', NULL, NULL, NULL, NULL, 'scheduled', '2026-07-12T01:00:00Z', 'kan', NULL, NULL),
  ('SF-1', 'sf', NULL, 101, NULL, NULL, 'Winner QF-1', 'Winner QF-2', NULL, NULL, NULL, NULL, 'scheduled', '2026-07-14T19:00:00Z', 'dal', NULL, NULL),
  ('SF-2', 'sf', NULL, 102, NULL, NULL, 'Winner QF-3', 'Winner QF-4', NULL, NULL, NULL, NULL, 'scheduled', '2026-07-15T19:00:00Z', 'atl', NULL, NULL),
  ('3RD-1', 'third', NULL, 103, NULL, NULL, 'Loser SF-1', 'Loser SF-2', NULL, NULL, NULL, NULL, 'scheduled', '2026-07-18T21:00:00Z', 'mia', NULL, NULL),
  ('FINAL-1', 'final', NULL, 104, NULL, NULL, 'Winner SF-1', 'Winner SF-2', NULL, NULL, NULL, NULL, 'scheduled', '2026-07-19T19:00:00Z', 'nyc', NULL, NULL)
ON CONFLICT (id) DO UPDATE SET stage = EXCLUDED.stage, group_letter = EXCLUDED.group_letter, match_number = EXCLUDED.match_number, home_team_id = EXCLUDED.home_team_id, away_team_id = EXCLUDED.away_team_id, home_placeholder = EXCLUDED.home_placeholder, away_placeholder = EXCLUDED.away_placeholder, home_score = EXCLUDED.home_score, away_score = EXCLUDED.away_score, home_score_penalties = EXCLUDED.home_score_penalties, away_score_penalties = EXCLUDED.away_score_penalties, status = EXCLUDED.status, kickoff_utc = EXCLUDED.kickoff_utc, venue_id = EXCLUDED.venue_id, api_football_fixture_id = EXCLUDED.api_football_fixture_id, minute = EXCLUDED.minute;

INSERT INTO historical_editions (year, host, champion, runner_up, third_place, total_goals, total_teams, final_score, top_scorer) VALUES
  (1930, 'Uruguay', 'Uruguay', 'Argentina', 'United States', 70, 13, '4–2', 'Guillermo Stábile (8)'),
  (1934, 'Italy', 'Italy', 'Czechoslovakia', 'Germany', 70, 16, '2–1 (a.e.t.)', 'Oldřich Nejedlý (5)'),
  (1938, 'France', 'Italy', 'Hungary', 'Brazil', 84, 15, '4–2', 'Leônidas (7)'),
  (1950, 'Brazil', 'Uruguay', 'Brazil', 'Sweden', 88, 13, '2–1', 'Ademir (8)'),
  (1954, 'Switzerland', 'West Germany', 'Hungary', 'Austria', 140, 16, '3–2', 'Sándor Kocsis (11)'),
  (1958, 'Sweden', 'Brazil', 'Sweden', 'France', 126, 16, '5–2', 'Just Fontaine (13)'),
  (1962, 'Chile', 'Brazil', 'Czechoslovakia', 'Chile', 89, 16, '3–1', 'Six players (4)'),
  (1966, 'England', 'England', 'West Germany', 'Portugal', 89, 16, '4–2 (a.e.t.)', 'Eusébio (9)'),
  (1970, 'Mexico', 'Brazil', 'Italy', 'West Germany', 95, 16, '4–1', 'Gerd Müller (10)'),
  (1974, 'West Germany', 'West Germany', 'Netherlands', 'Poland', 97, 16, '2–1', 'Grzegorz Lato (7)'),
  (1978, 'Argentina', 'Argentina', 'Netherlands', 'Brazil', 102, 16, '3–1 (a.e.t.)', 'Mario Kempes (6)'),
  (1982, 'Spain', 'Italy', 'West Germany', 'Poland', 146, 24, '3–1', 'Paolo Rossi (6)'),
  (1986, 'Mexico', 'Argentina', 'West Germany', 'France', 132, 24, '3–2', 'Gary Lineker (6)'),
  (1990, 'Italy', 'West Germany', 'Argentina', 'Italy', 115, 24, '1–0', 'Salvatore Schillaci (6)'),
  (1994, 'United States', 'Brazil', 'Italy', 'Sweden', 141, 24, '0–0 (3–2 pens)', 'Stoichkov & Salenko (6)'),
  (1998, 'France', 'France', 'Brazil', 'Croatia', 171, 32, '3–0', 'Davor Šuker (6)'),
  (2002, 'South Korea / Japan', 'Brazil', 'Germany', 'Turkey', 161, 32, '2–0', 'Ronaldo (8)'),
  (2006, 'Germany', 'Italy', 'France', 'Germany', 147, 32, '1–1 (5–3 pens)', 'Miroslav Klose (5)'),
  (2010, 'South Africa', 'Spain', 'Netherlands', 'Germany', 145, 32, '1–0 (a.e.t.)', 'Four players (5)'),
  (2014, 'Brazil', 'Germany', 'Argentina', 'Netherlands', 171, 32, '1–0 (a.e.t.)', 'James Rodríguez (6)'),
  (2018, 'Russia', 'France', 'Croatia', 'Belgium', 169, 32, '4–2', 'Harry Kane (6)'),
  (2022, 'Qatar', 'Argentina', 'France', 'Croatia', 172, 32, '3–3 (4–2 pens)', 'Kylian Mbappé (8)')
ON CONFLICT (year) DO UPDATE SET host = EXCLUDED.host, champion = EXCLUDED.champion, runner_up = EXCLUDED.runner_up, third_place = EXCLUDED.third_place, total_goals = EXCLUDED.total_goals, total_teams = EXCLUDED.total_teams, final_score = EXCLUDED.final_score, top_scorer = EXCLUDED.top_scorer;

DELETE FROM historical_matches;
INSERT INTO historical_matches (year, stage, home_team, away_team, home_score, away_score, venue, match_date) VALUES
  (1954, 'Quarter-final', 'Austria', 'Switzerland', 7, 5, 'Lausanne', '1954-06-26'),
  (1982, 'Group', 'Hungary', 'El Salvador', 10, 1, 'Elche', '1982-06-15'),
  (2014, 'Semi-final', 'Germany', 'Brazil', 7, 1, 'Belo Horizonte', '2014-07-08'),
  (1974, 'Group', 'Yugoslavia', 'Zaire', 9, 0, 'Gelsenkirchen', '1974-06-18'),
  (1954, 'Group', 'Hungary', 'West Germany', 8, 3, 'Basel', '1954-06-20'),
  (1938, 'Round of 16', 'Brazil', 'Poland', 6, 5, 'Strasbourg', '1938-06-05'),
  (1950, 'Final round', 'Brazil', 'Sweden', 7, 1, 'Rio de Janeiro', '1950-07-09'),
  (1958, 'Quarter-final', 'France', 'Northern Ireland', 4, 0, 'Norrköping', '1958-06-19'),
  (1986, 'Round of 16', 'Denmark', 'Spain', 1, 5, 'Querétaro', '1986-06-18'),
  (1994, 'Group', 'Russia', 'Cameroon', 6, 1, 'San Francisco', '1994-06-28'),
  (2018, 'Final', 'France', 'Croatia', 4, 2, 'Moscow', '2018-07-15'),
  (1970, 'Final', 'Brazil', 'Italy', 4, 1, 'Mexico City', '1970-06-21');
