-- AUTO-GENERATED by scripts/gen-seed-sql.mjs — do not edit by hand.
-- Seeds teams, venues, matches, and historical data.

INSERT INTO venues (id, name, city, country, capacity, lat, lng, color) VALUES
  ('nyc', 'MetLife Stadium', 'New York / New Jersey', 'USA', 82500, 40.813611, -74.074444, '#185FA5'),
  ('dal', 'AT&T Stadium', 'Dallas', 'USA', 94000, 32.747778, -97.092778, '#1E5BB0'),
  ('atl', 'Mercedes-Benz Stadium', 'Atlanta', 'USA', 75000, 33.755556, -84.400556, '#A32D2D'),
  ('kan', 'Arrowhead Stadium', 'Kansas City', 'USA', 73000, 39.048889, -94.484167, '#C8102E'),
  ('hou', 'NRG Stadium', 'Houston', 'USA', 72000, 29.684722, -95.410833, '#2B6CB0'),
  ('sfo', 'Levi''s Stadium', 'San Francisco Bay Area', 'USA', 71000, 37.403, -121.97, '#C0392B'),
  ('lax', 'SoFi Stadium', 'Los Angeles', 'USA', 70000, 33.953587, -118.339254, '#378ADD'),
  ('phi', 'Lincoln Financial Field', 'Philadelphia', 'USA', 69000, 39.900833, -75.1675, '#004C54'),
  ('sea', 'Lumen Field', 'Seattle', 'USA', 69000, 47.595153, -122.331625, '#1E6E4E'),
  ('bos', 'Gillette Stadium', 'Boston', 'USA', 65000, 42.090944, -71.264344, '#0B2A5B'),
  ('mia', 'Hard Rock Stadium', 'Miami', 'USA', 65000, 25.957958, -80.238894, '#E24B4A'),
  ('mex', 'Estadio Azteca', 'Mexico City', 'Mexico', 83000, 19.302889, -99.150611, '#3B6D11'),
  ('mty', 'Estadio BBVA', 'Monterrey', 'Mexico', 53500, 25.669, -100.244, '#639922'),
  ('gdl', 'Estadio Akron', 'Guadalajara', 'Mexico', 48000, 20.681944, -103.462778, '#2E7D32'),
  ('tor', 'BMO Field', 'Toronto', 'Canada', 45000, 43.6332, -79.4185, '#A32D2D'),
  ('van', 'BC Place', 'Vancouver', 'Canada', 54000, 49.276667, -123.111944, '#E24B4A')
ON CONFLICT (id) DO NOTHING;

INSERT INTO teams (id, name, name_es, flag_emoji, iso2, group_letter, host_country, api_football_id, confederation) VALUES
  ('mex', 'Mexico', 'México', '🇲🇽', 'MX', 'A', true, NULL, 'CONCACAF'),
  ('rsa', 'South Africa', 'Sudáfrica', '🇿🇦', 'ZA', 'A', false, NULL, 'CAF'),
  ('kor', 'South Korea', 'Corea del Sur', '🇰🇷', 'KR', 'A', false, NULL, 'AFC'),
  ('cze', 'Czechia', 'Chequia', '🇨🇿', 'CZ', 'A', false, NULL, 'UEFA'),
  ('can', 'Canada', 'Canadá', '🇨🇦', 'CA', 'B', true, NULL, 'CONCACAF'),
  ('bih', 'Bosnia and Herzegovina', 'Bosnia y Herzegovina', '🇧🇦', 'BA', 'B', false, NULL, 'UEFA'),
  ('qat', 'Qatar', 'Catar', '🇶🇦', 'QA', 'B', false, NULL, 'AFC'),
  ('sui', 'Switzerland', 'Suiza', '🇨🇭', 'CH', 'B', false, NULL, 'UEFA'),
  ('bra', 'Brazil', 'Brasil', '🇧🇷', 'BR', 'C', false, NULL, 'CONMEBOL'),
  ('mar', 'Morocco', 'Marruecos', '🇲🇦', 'MA', 'C', false, NULL, 'CAF'),
  ('hai', 'Haiti', 'Haití', '🇭🇹', 'HT', 'C', false, NULL, 'CONCACAF'),
  ('sco', 'Scotland', 'Escocia', '🏴󠁧󠁢󠁳󠁣󠁴󠁿', 'GB', 'C', false, NULL, 'UEFA'),
  ('usa', 'United States', 'Estados Unidos', '🇺🇸', 'US', 'D', true, NULL, 'CONCACAF'),
  ('par', 'Paraguay', 'Paraguay', '🇵🇾', 'PY', 'D', false, NULL, 'CONMEBOL'),
  ('aus', 'Australia', 'Australia', '🇦🇺', 'AU', 'D', false, NULL, 'AFC'),
  ('tur', 'Turkey', 'Turquía', '🇹🇷', 'TR', 'D', false, NULL, 'UEFA'),
  ('ger', 'Germany', 'Alemania', '🇩🇪', 'DE', 'E', false, NULL, 'UEFA'),
  ('cuw', 'Curaçao', 'Curazao', '🇨🇼', 'CW', 'E', false, NULL, 'CONCACAF'),
  ('civ', 'Ivory Coast', 'Costa de Marfil', '🇨🇮', 'CI', 'E', false, NULL, 'CAF'),
  ('ecu', 'Ecuador', 'Ecuador', '🇪🇨', 'EC', 'E', false, NULL, 'CONMEBOL'),
  ('ned', 'Netherlands', 'Países Bajos', '🇳🇱', 'NL', 'F', false, NULL, 'UEFA'),
  ('jpn', 'Japan', 'Japón', '🇯🇵', 'JP', 'F', false, NULL, 'AFC'),
  ('swe', 'Sweden', 'Suecia', '🇸🇪', 'SE', 'F', false, NULL, 'UEFA'),
  ('tun', 'Tunisia', 'Túnez', '🇹🇳', 'TN', 'F', false, NULL, 'CAF'),
  ('bel', 'Belgium', 'Bélgica', '🇧🇪', 'BE', 'G', false, NULL, 'UEFA'),
  ('egy', 'Egypt', 'Egipto', '🇪🇬', 'EG', 'G', false, NULL, 'CAF'),
  ('irn', 'Iran', 'Irán', '🇮🇷', 'IR', 'G', false, NULL, 'AFC'),
  ('nzl', 'New Zealand', 'Nueva Zelanda', '🇳🇿', 'NZ', 'G', false, NULL, 'OFC'),
  ('esp', 'Spain', 'España', '🇪🇸', 'ES', 'H', false, NULL, 'UEFA'),
  ('cpv', 'Cape Verde', 'Cabo Verde', '🇨🇻', 'CV', 'H', false, NULL, 'CAF'),
  ('ksa', 'Saudi Arabia', 'Arabia Saudita', '🇸🇦', 'SA', 'H', false, NULL, 'AFC'),
  ('uru', 'Uruguay', 'Uruguay', '🇺🇾', 'UY', 'H', false, NULL, 'CONMEBOL'),
  ('fra', 'France', 'Francia', '🇫🇷', 'FR', 'I', false, NULL, 'UEFA'),
  ('sen', 'Senegal', 'Senegal', '🇸🇳', 'SN', 'I', false, NULL, 'CAF'),
  ('irq', 'Iraq', 'Irak', '🇮🇶', 'IQ', 'I', false, NULL, 'AFC'),
  ('nor', 'Norway', 'Noruega', '🇳🇴', 'NO', 'I', false, NULL, 'UEFA'),
  ('arg', 'Argentina', 'Argentina', '🇦🇷', 'AR', 'J', false, NULL, 'CONMEBOL'),
  ('alg', 'Algeria', 'Argelia', '🇩🇿', 'DZ', 'J', false, NULL, 'CAF'),
  ('aut', 'Austria', 'Austria', '🇦🇹', 'AT', 'J', false, NULL, 'UEFA'),
  ('jor', 'Jordan', 'Jordania', '🇯🇴', 'JO', 'J', false, NULL, 'AFC'),
  ('por', 'Portugal', 'Portugal', '🇵🇹', 'PT', 'K', false, NULL, 'UEFA'),
  ('cod', 'DR Congo', 'RD Congo', '🇨🇩', 'CD', 'K', false, NULL, 'CAF'),
  ('uzb', 'Uzbekistan', 'Uzbekistán', '🇺🇿', 'UZ', 'K', false, NULL, 'AFC'),
  ('col', 'Colombia', 'Colombia', '🇨🇴', 'CO', 'K', false, NULL, 'CONMEBOL'),
  ('eng', 'England', 'Inglaterra', '🏴󠁧󠁢󠁥󠁮󠁧󠁿', 'GB', 'L', false, NULL, 'UEFA'),
  ('cro', 'Croatia', 'Croacia', '🇭🇷', 'HR', 'L', false, NULL, 'UEFA'),
  ('gha', 'Ghana', 'Ghana', '🇬🇭', 'GH', 'L', false, NULL, 'CAF'),
  ('pan', 'Panama', 'Panamá', '🇵🇦', 'PA', 'L', false, NULL, 'CONCACAF')
ON CONFLICT (id) DO NOTHING;

INSERT INTO matches (id, stage, group_letter, match_number, home_team_id, away_team_id, home_placeholder, away_placeholder, home_score, away_score, home_score_penalties, away_score_penalties, status, kickoff_utc, venue_id, api_football_fixture_id, minute) VALUES
  ('GS-A1', 'group', 'A', 1, 'mex', 'rsa', NULL, NULL, NULL, NULL, NULL, NULL, 'scheduled', '2026-06-11T16:00:00Z', 'mex', NULL, NULL),
  ('GS-A2', 'group', 'A', 2, 'kor', 'cze', NULL, NULL, NULL, NULL, NULL, NULL, 'scheduled', '2026-06-11T19:00:00Z', 'nyc', NULL, NULL),
  ('GS-A3', 'group', 'A', 3, 'mex', 'kor', NULL, NULL, NULL, NULL, NULL, NULL, 'scheduled', '2026-06-17T22:00:00Z', 'dal', NULL, NULL),
  ('GS-A4', 'group', 'A', 4, 'cze', 'rsa', NULL, NULL, NULL, NULL, NULL, NULL, 'scheduled', '2026-06-17T00:00:00Z', 'atl', NULL, NULL),
  ('GS-A5', 'group', 'A', 5, 'cze', 'mex', NULL, NULL, NULL, NULL, NULL, NULL, 'scheduled', '2026-06-24T16:00:00Z', 'kan', NULL, NULL),
  ('GS-A6', 'group', 'A', 6, 'rsa', 'kor', NULL, NULL, NULL, NULL, NULL, NULL, 'scheduled', '2026-06-24T19:00:00Z', 'hou', NULL, NULL),
  ('GS-B1', 'group', 'B', 7, 'can', 'bih', NULL, NULL, NULL, NULL, NULL, NULL, 'scheduled', '2026-06-12T19:00:00Z', 'sfo', NULL, NULL),
  ('GS-B2', 'group', 'B', 8, 'qat', 'sui', NULL, NULL, NULL, NULL, NULL, NULL, 'scheduled', '2026-06-12T22:00:00Z', 'lax', NULL, NULL),
  ('GS-B3', 'group', 'B', 9, 'can', 'qat', NULL, NULL, NULL, NULL, NULL, NULL, 'scheduled', '2026-06-18T00:00:00Z', 'phi', NULL, NULL),
  ('GS-B4', 'group', 'B', 10, 'sui', 'bih', NULL, NULL, NULL, NULL, NULL, NULL, 'scheduled', '2026-06-18T16:00:00Z', 'sea', NULL, NULL),
  ('GS-B5', 'group', 'B', 11, 'sui', 'can', NULL, NULL, NULL, NULL, NULL, NULL, 'scheduled', '2026-06-25T19:00:00Z', 'bos', NULL, NULL),
  ('GS-B6', 'group', 'B', 12, 'bih', 'qat', NULL, NULL, NULL, NULL, NULL, NULL, 'scheduled', '2026-06-25T22:00:00Z', 'mia', NULL, NULL),
  ('GS-C1', 'group', 'C', 13, 'bra', 'mar', NULL, NULL, NULL, NULL, NULL, NULL, 'scheduled', '2026-06-13T22:00:00Z', 'mex', NULL, NULL),
  ('GS-C2', 'group', 'C', 14, 'hai', 'sco', NULL, NULL, NULL, NULL, NULL, NULL, 'scheduled', '2026-06-13T00:00:00Z', 'mty', NULL, NULL),
  ('GS-C3', 'group', 'C', 15, 'bra', 'hai', NULL, NULL, NULL, NULL, NULL, NULL, 'scheduled', '2026-06-19T16:00:00Z', 'gdl', NULL, NULL),
  ('GS-C4', 'group', 'C', 16, 'sco', 'mar', NULL, NULL, NULL, NULL, NULL, NULL, 'scheduled', '2026-06-19T19:00:00Z', 'tor', NULL, NULL),
  ('GS-C5', 'group', 'C', 17, 'sco', 'bra', NULL, NULL, NULL, NULL, NULL, NULL, 'scheduled', '2026-06-26T22:00:00Z', 'van', NULL, NULL),
  ('GS-C6', 'group', 'C', 18, 'mar', 'hai', NULL, NULL, NULL, NULL, NULL, NULL, 'scheduled', '2026-06-26T00:00:00Z', 'nyc', NULL, NULL),
  ('GS-D1', 'group', 'D', 19, 'usa', 'par', NULL, NULL, NULL, NULL, NULL, NULL, 'scheduled', '2026-06-11T00:00:00Z', 'dal', NULL, NULL),
  ('GS-D2', 'group', 'D', 20, 'aus', 'tur', NULL, NULL, NULL, NULL, NULL, NULL, 'scheduled', '2026-06-11T16:00:00Z', 'atl', NULL, NULL),
  ('GS-D3', 'group', 'D', 21, 'usa', 'aus', NULL, NULL, NULL, NULL, NULL, NULL, 'scheduled', '2026-06-17T19:00:00Z', 'kan', NULL, NULL),
  ('GS-D4', 'group', 'D', 22, 'tur', 'par', NULL, NULL, NULL, NULL, NULL, NULL, 'scheduled', '2026-06-17T22:00:00Z', 'hou', NULL, NULL),
  ('GS-D5', 'group', 'D', 23, 'tur', 'usa', NULL, NULL, NULL, NULL, NULL, NULL, 'scheduled', '2026-06-24T00:00:00Z', 'sfo', NULL, NULL),
  ('GS-D6', 'group', 'D', 24, 'par', 'aus', NULL, NULL, NULL, NULL, NULL, NULL, 'scheduled', '2026-06-24T16:00:00Z', 'lax', NULL, NULL),
  ('GS-E1', 'group', 'E', 25, 'ger', 'cuw', NULL, NULL, NULL, NULL, NULL, NULL, 'scheduled', '2026-06-12T16:00:00Z', 'phi', NULL, NULL),
  ('GS-E2', 'group', 'E', 26, 'civ', 'ecu', NULL, NULL, NULL, NULL, NULL, NULL, 'scheduled', '2026-06-12T19:00:00Z', 'sea', NULL, NULL),
  ('GS-E3', 'group', 'E', 27, 'ger', 'civ', NULL, NULL, NULL, NULL, NULL, NULL, 'scheduled', '2026-06-18T22:00:00Z', 'bos', NULL, NULL),
  ('GS-E4', 'group', 'E', 28, 'ecu', 'cuw', NULL, NULL, NULL, NULL, NULL, NULL, 'scheduled', '2026-06-18T00:00:00Z', 'mia', NULL, NULL),
  ('GS-E5', 'group', 'E', 29, 'ecu', 'ger', NULL, NULL, NULL, NULL, NULL, NULL, 'scheduled', '2026-06-25T16:00:00Z', 'mex', NULL, NULL),
  ('GS-E6', 'group', 'E', 30, 'cuw', 'civ', NULL, NULL, NULL, NULL, NULL, NULL, 'scheduled', '2026-06-25T19:00:00Z', 'mty', NULL, NULL),
  ('GS-F1', 'group', 'F', 31, 'ned', 'jpn', NULL, NULL, NULL, NULL, NULL, NULL, 'scheduled', '2026-06-13T19:00:00Z', 'gdl', NULL, NULL),
  ('GS-F2', 'group', 'F', 32, 'swe', 'tun', NULL, NULL, NULL, NULL, NULL, NULL, 'scheduled', '2026-06-13T22:00:00Z', 'tor', NULL, NULL),
  ('GS-F3', 'group', 'F', 33, 'ned', 'swe', NULL, NULL, NULL, NULL, NULL, NULL, 'scheduled', '2026-06-19T00:00:00Z', 'van', NULL, NULL),
  ('GS-F4', 'group', 'F', 34, 'tun', 'jpn', NULL, NULL, NULL, NULL, NULL, NULL, 'scheduled', '2026-06-19T16:00:00Z', 'nyc', NULL, NULL),
  ('GS-F5', 'group', 'F', 35, 'tun', 'ned', NULL, NULL, NULL, NULL, NULL, NULL, 'scheduled', '2026-06-26T19:00:00Z', 'dal', NULL, NULL),
  ('GS-F6', 'group', 'F', 36, 'jpn', 'swe', NULL, NULL, NULL, NULL, NULL, NULL, 'scheduled', '2026-06-26T22:00:00Z', 'atl', NULL, NULL),
  ('GS-G1', 'group', 'G', 37, 'bel', 'egy', NULL, NULL, NULL, NULL, NULL, NULL, 'scheduled', '2026-06-11T22:00:00Z', 'kan', NULL, NULL),
  ('GS-G2', 'group', 'G', 38, 'irn', 'nzl', NULL, NULL, NULL, NULL, NULL, NULL, 'scheduled', '2026-06-11T00:00:00Z', 'hou', NULL, NULL),
  ('GS-G3', 'group', 'G', 39, 'bel', 'irn', NULL, NULL, NULL, NULL, NULL, NULL, 'scheduled', '2026-06-17T16:00:00Z', 'sfo', NULL, NULL),
  ('GS-G4', 'group', 'G', 40, 'nzl', 'egy', NULL, NULL, NULL, NULL, NULL, NULL, 'scheduled', '2026-06-17T19:00:00Z', 'lax', NULL, NULL),
  ('GS-G5', 'group', 'G', 41, 'nzl', 'bel', NULL, NULL, NULL, NULL, NULL, NULL, 'scheduled', '2026-06-24T22:00:00Z', 'phi', NULL, NULL),
  ('GS-G6', 'group', 'G', 42, 'egy', 'irn', NULL, NULL, NULL, NULL, NULL, NULL, 'scheduled', '2026-06-24T00:00:00Z', 'sea', NULL, NULL),
  ('GS-H1', 'group', 'H', 43, 'esp', 'cpv', NULL, NULL, NULL, NULL, NULL, NULL, 'scheduled', '2026-06-12T00:00:00Z', 'bos', NULL, NULL),
  ('GS-H2', 'group', 'H', 44, 'ksa', 'uru', NULL, NULL, NULL, NULL, NULL, NULL, 'scheduled', '2026-06-12T16:00:00Z', 'mia', NULL, NULL),
  ('GS-H3', 'group', 'H', 45, 'esp', 'ksa', NULL, NULL, NULL, NULL, NULL, NULL, 'scheduled', '2026-06-18T19:00:00Z', 'mex', NULL, NULL),
  ('GS-H4', 'group', 'H', 46, 'uru', 'cpv', NULL, NULL, NULL, NULL, NULL, NULL, 'scheduled', '2026-06-18T22:00:00Z', 'mty', NULL, NULL),
  ('GS-H5', 'group', 'H', 47, 'uru', 'esp', NULL, NULL, NULL, NULL, NULL, NULL, 'scheduled', '2026-06-25T00:00:00Z', 'gdl', NULL, NULL),
  ('GS-H6', 'group', 'H', 48, 'cpv', 'ksa', NULL, NULL, NULL, NULL, NULL, NULL, 'scheduled', '2026-06-25T16:00:00Z', 'tor', NULL, NULL),
  ('GS-I1', 'group', 'I', 49, 'fra', 'sen', NULL, NULL, NULL, NULL, NULL, NULL, 'scheduled', '2026-06-13T16:00:00Z', 'van', NULL, NULL),
  ('GS-I2', 'group', 'I', 50, 'irq', 'nor', NULL, NULL, NULL, NULL, NULL, NULL, 'scheduled', '2026-06-13T19:00:00Z', 'nyc', NULL, NULL),
  ('GS-I3', 'group', 'I', 51, 'fra', 'irq', NULL, NULL, NULL, NULL, NULL, NULL, 'scheduled', '2026-06-19T22:00:00Z', 'dal', NULL, NULL),
  ('GS-I4', 'group', 'I', 52, 'nor', 'sen', NULL, NULL, NULL, NULL, NULL, NULL, 'scheduled', '2026-06-19T00:00:00Z', 'atl', NULL, NULL),
  ('GS-I5', 'group', 'I', 53, 'nor', 'fra', NULL, NULL, NULL, NULL, NULL, NULL, 'scheduled', '2026-06-26T16:00:00Z', 'kan', NULL, NULL),
  ('GS-I6', 'group', 'I', 54, 'sen', 'irq', NULL, NULL, NULL, NULL, NULL, NULL, 'scheduled', '2026-06-26T19:00:00Z', 'hou', NULL, NULL),
  ('GS-J1', 'group', 'J', 55, 'arg', 'alg', NULL, NULL, NULL, NULL, NULL, NULL, 'scheduled', '2026-06-11T19:00:00Z', 'sfo', NULL, NULL),
  ('GS-J2', 'group', 'J', 56, 'aut', 'jor', NULL, NULL, NULL, NULL, NULL, NULL, 'scheduled', '2026-06-11T22:00:00Z', 'lax', NULL, NULL),
  ('GS-J3', 'group', 'J', 57, 'arg', 'aut', NULL, NULL, NULL, NULL, NULL, NULL, 'scheduled', '2026-06-17T00:00:00Z', 'phi', NULL, NULL),
  ('GS-J4', 'group', 'J', 58, 'jor', 'alg', NULL, NULL, NULL, NULL, NULL, NULL, 'scheduled', '2026-06-17T16:00:00Z', 'sea', NULL, NULL),
  ('GS-J5', 'group', 'J', 59, 'jor', 'arg', NULL, NULL, NULL, NULL, NULL, NULL, 'scheduled', '2026-06-24T19:00:00Z', 'bos', NULL, NULL),
  ('GS-J6', 'group', 'J', 60, 'alg', 'aut', NULL, NULL, NULL, NULL, NULL, NULL, 'scheduled', '2026-06-24T22:00:00Z', 'mia', NULL, NULL),
  ('GS-K1', 'group', 'K', 61, 'por', 'cod', NULL, NULL, NULL, NULL, NULL, NULL, 'scheduled', '2026-06-12T22:00:00Z', 'mex', NULL, NULL),
  ('GS-K2', 'group', 'K', 62, 'uzb', 'col', NULL, NULL, NULL, NULL, NULL, NULL, 'scheduled', '2026-06-12T00:00:00Z', 'mty', NULL, NULL),
  ('GS-K3', 'group', 'K', 63, 'por', 'uzb', NULL, NULL, NULL, NULL, NULL, NULL, 'scheduled', '2026-06-18T16:00:00Z', 'gdl', NULL, NULL),
  ('GS-K4', 'group', 'K', 64, 'col', 'cod', NULL, NULL, NULL, NULL, NULL, NULL, 'scheduled', '2026-06-18T19:00:00Z', 'tor', NULL, NULL),
  ('GS-K5', 'group', 'K', 65, 'col', 'por', NULL, NULL, NULL, NULL, NULL, NULL, 'scheduled', '2026-06-25T22:00:00Z', 'van', NULL, NULL),
  ('GS-K6', 'group', 'K', 66, 'cod', 'uzb', NULL, NULL, NULL, NULL, NULL, NULL, 'scheduled', '2026-06-25T00:00:00Z', 'nyc', NULL, NULL),
  ('GS-L1', 'group', 'L', 67, 'eng', 'cro', NULL, NULL, NULL, NULL, NULL, NULL, 'scheduled', '2026-06-13T00:00:00Z', 'dal', NULL, NULL),
  ('GS-L2', 'group', 'L', 68, 'gha', 'pan', NULL, NULL, NULL, NULL, NULL, NULL, 'scheduled', '2026-06-13T16:00:00Z', 'atl', NULL, NULL),
  ('GS-L3', 'group', 'L', 69, 'eng', 'gha', NULL, NULL, NULL, NULL, NULL, NULL, 'scheduled', '2026-06-19T19:00:00Z', 'kan', NULL, NULL),
  ('GS-L4', 'group', 'L', 70, 'pan', 'cro', NULL, NULL, NULL, NULL, NULL, NULL, 'scheduled', '2026-06-19T22:00:00Z', 'hou', NULL, NULL),
  ('GS-L5', 'group', 'L', 71, 'pan', 'eng', NULL, NULL, NULL, NULL, NULL, NULL, 'scheduled', '2026-06-26T00:00:00Z', 'sfo', NULL, NULL),
  ('GS-L6', 'group', 'L', 72, 'cro', 'gha', NULL, NULL, NULL, NULL, NULL, NULL, 'scheduled', '2026-06-26T16:00:00Z', 'lax', NULL, NULL),
  ('R32-1', 'r32', NULL, 73, NULL, NULL, 'R32 Slot 1', 'R32 Slot 2', NULL, NULL, NULL, NULL, 'scheduled', '2026-06-28T16:00:00Z', 'phi', NULL, NULL),
  ('R32-2', 'r32', NULL, 74, NULL, NULL, 'R32 Slot 3', 'R32 Slot 4', NULL, NULL, NULL, NULL, 'scheduled', '2026-06-28T19:00:00Z', 'sea', NULL, NULL),
  ('R32-3', 'r32', NULL, 75, NULL, NULL, 'R32 Slot 5', 'R32 Slot 6', NULL, NULL, NULL, NULL, 'scheduled', '2026-06-29T22:00:00Z', 'bos', NULL, NULL),
  ('R32-4', 'r32', NULL, 76, NULL, NULL, 'R32 Slot 7', 'R32 Slot 8', NULL, NULL, NULL, NULL, 'scheduled', '2026-06-29T00:00:00Z', 'mia', NULL, NULL),
  ('R32-5', 'r32', NULL, 77, NULL, NULL, 'R32 Slot 9', 'R32 Slot 10', NULL, NULL, NULL, NULL, 'scheduled', '2026-06-29T16:00:00Z', 'mex', NULL, NULL),
  ('R32-6', 'r32', NULL, 78, NULL, NULL, 'R32 Slot 11', 'R32 Slot 12', NULL, NULL, NULL, NULL, 'scheduled', '2026-06-30T19:00:00Z', 'mty', NULL, NULL),
  ('R32-7', 'r32', NULL, 79, NULL, NULL, 'R32 Slot 13', 'R32 Slot 14', NULL, NULL, NULL, NULL, 'scheduled', '2026-06-30T22:00:00Z', 'gdl', NULL, NULL),
  ('R32-8', 'r32', NULL, 80, NULL, NULL, 'R32 Slot 15', 'R32 Slot 16', NULL, NULL, NULL, NULL, 'scheduled', '2026-06-30T00:00:00Z', 'tor', NULL, NULL),
  ('R32-9', 'r32', NULL, 81, NULL, NULL, 'R32 Slot 17', 'R32 Slot 18', NULL, NULL, NULL, NULL, 'scheduled', '2026-06-01T16:00:00Z', 'van', NULL, NULL),
  ('R32-10', 'r32', NULL, 82, NULL, NULL, 'R32 Slot 19', 'R32 Slot 20', NULL, NULL, NULL, NULL, 'scheduled', '2026-06-01T19:00:00Z', 'nyc', NULL, NULL),
  ('R32-11', 'r32', NULL, 83, NULL, NULL, 'R32 Slot 21', 'R32 Slot 22', NULL, NULL, NULL, NULL, 'scheduled', '2026-06-01T22:00:00Z', 'dal', NULL, NULL),
  ('R32-12', 'r32', NULL, 84, NULL, NULL, 'R32 Slot 23', 'R32 Slot 24', NULL, NULL, NULL, NULL, 'scheduled', '2026-06-02T00:00:00Z', 'atl', NULL, NULL),
  ('R32-13', 'r32', NULL, 85, NULL, NULL, 'R32 Slot 25', 'R32 Slot 26', NULL, NULL, NULL, NULL, 'scheduled', '2026-06-02T16:00:00Z', 'kan', NULL, NULL),
  ('R32-14', 'r32', NULL, 86, NULL, NULL, 'R32 Slot 27', 'R32 Slot 28', NULL, NULL, NULL, NULL, 'scheduled', '2026-06-02T19:00:00Z', 'hou', NULL, NULL),
  ('R32-15', 'r32', NULL, 87, NULL, NULL, 'R32 Slot 29', 'R32 Slot 30', NULL, NULL, NULL, NULL, 'scheduled', '2026-06-03T22:00:00Z', 'sfo', NULL, NULL),
  ('R32-16', 'r32', NULL, 88, NULL, NULL, 'R32 Slot 31', 'R32 Slot 32', NULL, NULL, NULL, NULL, 'scheduled', '2026-06-03T00:00:00Z', 'lax', NULL, NULL),
  ('R16-1', 'r16', NULL, 89, NULL, NULL, 'R16 Slot 1', 'R16 Slot 2', NULL, NULL, NULL, NULL, 'scheduled', '2026-07-04T16:00:00Z', 'phi', NULL, NULL),
  ('R16-2', 'r16', NULL, 90, NULL, NULL, 'R16 Slot 3', 'R16 Slot 4', NULL, NULL, NULL, NULL, 'scheduled', '2026-07-04T19:00:00Z', 'sea', NULL, NULL),
  ('R16-3', 'r16', NULL, 91, NULL, NULL, 'R16 Slot 5', 'R16 Slot 6', NULL, NULL, NULL, NULL, 'scheduled', '2026-07-05T22:00:00Z', 'bos', NULL, NULL),
  ('R16-4', 'r16', NULL, 92, NULL, NULL, 'R16 Slot 7', 'R16 Slot 8', NULL, NULL, NULL, NULL, 'scheduled', '2026-07-05T00:00:00Z', 'mia', NULL, NULL),
  ('R16-5', 'r16', NULL, 93, NULL, NULL, 'R16 Slot 9', 'R16 Slot 10', NULL, NULL, NULL, NULL, 'scheduled', '2026-07-06T16:00:00Z', 'mex', NULL, NULL),
  ('R16-6', 'r16', NULL, 94, NULL, NULL, 'R16 Slot 11', 'R16 Slot 12', NULL, NULL, NULL, NULL, 'scheduled', '2026-07-06T19:00:00Z', 'mty', NULL, NULL),
  ('R16-7', 'r16', NULL, 95, NULL, NULL, 'R16 Slot 13', 'R16 Slot 14', NULL, NULL, NULL, NULL, 'scheduled', '2026-07-07T22:00:00Z', 'gdl', NULL, NULL),
  ('R16-8', 'r16', NULL, 96, NULL, NULL, 'R16 Slot 15', 'R16 Slot 16', NULL, NULL, NULL, NULL, 'scheduled', '2026-07-07T00:00:00Z', 'tor', NULL, NULL),
  ('QF-1', 'qf', NULL, 97, NULL, NULL, 'QF Slot 1', 'QF Slot 2', NULL, NULL, NULL, NULL, 'scheduled', '2026-07-09T16:00:00Z', 'van', NULL, NULL),
  ('QF-2', 'qf', NULL, 98, NULL, NULL, 'QF Slot 3', 'QF Slot 4', NULL, NULL, NULL, NULL, 'scheduled', '2026-07-10T19:00:00Z', 'nyc', NULL, NULL),
  ('QF-3', 'qf', NULL, 99, NULL, NULL, 'QF Slot 5', 'QF Slot 6', NULL, NULL, NULL, NULL, 'scheduled', '2026-07-10T22:00:00Z', 'dal', NULL, NULL),
  ('QF-4', 'qf', NULL, 100, NULL, NULL, 'QF Slot 7', 'QF Slot 8', NULL, NULL, NULL, NULL, 'scheduled', '2026-07-11T00:00:00Z', 'atl', NULL, NULL),
  ('SF-1', 'sf', NULL, 101, NULL, NULL, 'SF Slot 1', 'SF Slot 2', NULL, NULL, NULL, NULL, 'scheduled', '2026-07-14T16:00:00Z', 'kan', NULL, NULL),
  ('SF-2', 'sf', NULL, 102, NULL, NULL, 'SF Slot 3', 'SF Slot 4', NULL, NULL, NULL, NULL, 'scheduled', '2026-07-15T19:00:00Z', 'hou', NULL, NULL),
  ('3RD-1', 'third', NULL, 103, NULL, NULL, 'Loser SF1', 'Loser SF2', NULL, NULL, NULL, NULL, 'scheduled', '2026-07-18T16:00:00Z', 'mia', NULL, NULL),
  ('FINAL-1', 'final', NULL, 104, NULL, NULL, 'Winner SF1', 'Winner SF2', NULL, NULL, NULL, NULL, 'scheduled', '2026-07-19T19:00:00Z', 'nyc', NULL, NULL)
ON CONFLICT (id) DO NOTHING;

INSERT INTO historical_editions (year, host, champion, runner_up, third_place, total_goals, total_teams, final_score, top_scorer) VALUES
  (1930, 'Uruguay', 'Uruguay', 'Argentina', 'United States', 70, 13, '4–2', 'Guillermo Stábile (8)'),
  (1934, 'Italy', 'Italy', 'Czechoslovakia', 'Germany', 70, 16, '2–1 (a.e.t.)', 'Oldřich Nejedlý (5)'),
  (1938, 'France', 'Italy', 'Hungary', 'Brazil', 84, 15, '4–2', 'Leônidas (7)'),
  (1950, 'Brazil', 'Uruguay', 'Brazil', 'Sweden', 88, 13, '2–1', 'Ademir (8)'),
  (1954, 'Switzerland', 'West Germany', 'Hungary', 'Austria', 140, 16, '3–2', 'Sándor Kocsis (11)'),
  (1958, 'Sweden', 'Brazil', 'Sweden', 'France', 126, 16, '5–2', 'Just Fontaine (13)'),
  (1962, 'Chile', 'Brazil', 'Czechoslovakia', 'Chile', 89, 16, '3–1', 'Six players (4)'),
  (1966, 'England', 'England', 'West Germany', 'Portugal', 89, 16, '4–2 (a.e.t.)', 'Eusébio (9)'),
  (1970, 'Mexico', 'Brazil', 'Italy', 'West Germany', 95, 16, '4–1', 'Gerd Müller (10)'),
  (1974, 'West Germany', 'West Germany', 'Netherlands', 'Poland', 97, 16, '2–1', 'Grzegorz Lato (7)'),
  (1978, 'Argentina', 'Argentina', 'Netherlands', 'Brazil', 102, 16, '3–1 (a.e.t.)', 'Mario Kempes (6)'),
  (1982, 'Spain', 'Italy', 'West Germany', 'Poland', 146, 24, '3–1', 'Paolo Rossi (6)'),
  (1986, 'Mexico', 'Argentina', 'West Germany', 'France', 132, 24, '3–2', 'Gary Lineker (6)'),
  (1990, 'Italy', 'West Germany', 'Argentina', 'Italy', 115, 24, '1–0', 'Salvatore Schillaci (6)'),
  (1994, 'United States', 'Brazil', 'Italy', 'Sweden', 141, 24, '0–0 (3–2 pens)', 'Stoichkov & Salenko (6)'),
  (1998, 'France', 'France', 'Brazil', 'Croatia', 171, 32, '3–0', 'Davor Šuker (6)'),
  (2002, 'South Korea / Japan', 'Brazil', 'Germany', 'Turkey', 161, 32, '2–0', 'Ronaldo (8)'),
  (2006, 'Germany', 'Italy', 'France', 'Germany', 147, 32, '1–1 (5–3 pens)', 'Miroslav Klose (5)'),
  (2010, 'South Africa', 'Spain', 'Netherlands', 'Germany', 145, 32, '1–0 (a.e.t.)', 'Four players (5)'),
  (2014, 'Brazil', 'Germany', 'Argentina', 'Netherlands', 171, 32, '1–0 (a.e.t.)', 'James Rodríguez (6)'),
  (2018, 'Russia', 'France', 'Croatia', 'Belgium', 169, 32, '4–2', 'Harry Kane (6)'),
  (2022, 'Qatar', 'Argentina', 'France', 'Croatia', 172, 32, '3–3 (4–2 pens)', 'Kylian Mbappé (8)')
ON CONFLICT (year) DO NOTHING;

INSERT INTO historical_matches (year, stage, home_team, away_team, home_score, away_score, venue, match_date) VALUES
  (1954, 'Quarter-final', 'Austria', 'Switzerland', 7, 5, 'Lausanne', '1954-06-26'),
  (1982, 'Group', 'Hungary', 'El Salvador', 10, 1, 'Elche', '1982-06-15'),
  (2014, 'Semi-final', 'Germany', 'Brazil', 7, 1, 'Belo Horizonte', '2014-07-08'),
  (1974, 'Group', 'Yugoslavia', 'Zaire', 9, 0, 'Gelsenkirchen', '1974-06-18'),
  (1954, 'Group', 'Hungary', 'West Germany', 8, 3, 'Basel', '1954-06-20'),
  (1938, 'Round of 16', 'Brazil', 'Poland', 6, 5, 'Strasbourg', '1938-06-05'),
  (1950, 'Final round', 'Brazil', 'Sweden', 7, 1, 'Rio de Janeiro', '1950-07-09'),
  (1958, 'Quarter-final', 'France', 'Northern Ireland', 4, 0, 'Norrköping', '1958-06-19'),
  (1986, 'Round of 16', 'Denmark', 'Spain', 1, 5, 'Querétaro', '1986-06-18'),
  (1994, 'Group', 'Russia', 'Cameroon', 6, 1, 'San Francisco', '1994-06-28'),
  (2018, 'Final', 'France', 'Croatia', 4, 2, 'Moscow', '2018-07-15'),
  (1970, 'Final', 'Brazil', 'Italy', 4, 1, 'Mexico City', '1970-06-21');
